Repository,Contributor,Contributions,GitHub Profile
octocat/Hello-World,Spaceghost,1,https://github.com/Spaceghost
octocat/Hello-World,octocat,1,https://github.com/octocat
octocat/Hello-World,Cameron423698,1,https://github.com/Cameron423698
python/cpython,gvanrossum,11275,https://github.com/gvanrossum
python/cpython,vstinner,6641,https://github.com/vstinner
python/cpython,benjaminp,5877,https://github.com/benjaminp
python/cpython,birkenfeld,5680,https://github.com/birkenfeld
python/cpython,freddrake,5465,https://github.com/freddrake
python/cpython,serhiy-storchaka,5277,https://github.com/serhiy-storchaka
python/cpython,rhettinger,4567,https://github.com/rhettinger
python/cpython,pitrou,3781,https://github.com/pitrou
python/cpython,jackjansen,2978,https://github.com/jackjansen
python/cpython,loewis,2772,https://github.com/loewis
